Cluster,SubclusterName,end.year,five.year.job.change,Competitive.Effect,Expected.Change,Ind.Mix.Effect,Natl.Growth.Effect,start.jobs,end.jobs
Aerospace Vehicles and Defense,Aircraft,NA,NA,NA,NA,NA,NA,NA,NA
Aerospace Vehicles and Defense,Missiles and Space Vehicles,NA,NA,NA,NA,NA,NA,NA,NA
Aerospace Vehicles and Defense,Search and Navigation Equipment,NA,NA,NA,NA,NA,NA,NA,NA
Agricultural Inputs and Services,Agricultural Production,NA,NA,NA,NA,NA,NA,NA,NA
Agricultural Inputs and Services,Agricultural Services,NA,NA,NA,NA,NA,NA,NA,NA
Agricultural Inputs and Services,Farm Management and Labor Services,NA,NA,NA,NA,NA,NA,NA,NA
Agricultural Inputs and Services,Fertilizers,NA,NA,NA,NA,NA,NA,NA,NA
Apparel,Accessories and Specialty Apparel,NA,NA,NA,NA,NA,NA,NA,NA
Apparel,Apparel Contractors,NA,NA,NA,NA,NA,NA,NA,NA
Apparel,Men's Clothing,NA,NA,NA,NA,NA,NA,NA,NA
Apparel,Women's Clothing,NA,NA,NA,NA,NA,NA,NA,NA
Automotive,Automotive Parts,NA,NA,NA,NA,NA,NA,NA,NA
Automotive,Gasoline Engines and Engine Parts,NA,NA,NA,NA,NA,NA,NA,NA
Automotive,Metal Mills and Foundries,NA,NA,NA,NA,NA,NA,NA,NA
Automotive,Military Vehicles and Tanks,NA,NA,NA,NA,NA,NA,NA,NA
Automotive,Motor Vehicles,NA,NA,NA,NA,NA,NA,NA,NA
Automotive,Small Vehicles,NA,NA,NA,NA,NA,NA,NA,NA
Biopharmaceuticals,Biological Products,NA,NA,NA,NA,NA,NA,NA,NA
Biopharmaceuticals,Biopharmaceutical Products,NA,NA,NA,NA,NA,NA,NA,NA
Biopharmaceuticals,Diagnostic Substances,NA,NA,NA,NA,NA,NA,NA,NA
Business Services,Architectural and Drafting Services,NA,NA,NA,NA,NA,NA,NA,NA
Business Services,Business Support Services,NA,NA,NA,NA,NA,NA,NA,NA
Business Services,Computer Services,NA,NA,NA,NA,NA,NA,NA,NA
Business Services,Consulting Services,NA,NA,NA,NA,NA,NA,NA,NA
Business Services,Corporate Headquarters,NA,NA,NA,NA,NA,NA,NA,NA
Business Services,Employment Placement Services,NA,NA,NA,NA,NA,NA,NA,NA
Business Services,Engineering Services,NA,NA,NA,NA,NA,NA,NA,NA
Business Services,Ground Passenger Transportation,NA,NA,NA,NA,NA,NA,NA,NA
Coal Mining,Coal Mining,NA,NA,NA,NA,NA,NA,NA,NA
Communications Equipment and Services,Communications Equipment,NA,NA,NA,NA,NA,NA,NA,NA
Communications Equipment and Services,Communications Equipment Components,NA,NA,NA,NA,NA,NA,NA,NA
Communications Equipment and Services,Communications Services,NA,NA,NA,NA,NA,NA,NA,NA
Communications Equipment and Services,Wireless Telecommunications Carriers (except Satellite),NA,NA,NA,NA,NA,NA,NA,NA
Construction Products and Services,Construction,NA,NA,NA,NA,NA,NA,NA,NA
Construction Products and Services,Construction Components,NA,NA,NA,NA,NA,NA,NA,NA
Construction Products and Services,Construction Materials,NA,NA,NA,NA,NA,NA,NA,NA
Construction Products and Services,Construction Products,NA,NA,NA,NA,NA,NA,NA,NA
Construction Products and Services,"Water, Sewage, and Other Systems",NA,NA,NA,NA,NA,NA,NA,NA
Distribution and Electronic Commerce,Electronic and Catalog Shopping,NA,NA,NA,NA,NA,NA,NA,NA
Distribution and Electronic Commerce,Rental and Leasing,NA,NA,NA,NA,NA,NA,NA,NA
Distribution and Electronic Commerce,Support Services,NA,NA,NA,NA,NA,NA,NA,NA
Distribution and Electronic Commerce,Warehousing and Storage,NA,NA,NA,NA,NA,NA,NA,NA
Distribution and Electronic Commerce,Wholesale of Apparel and Accessories,NA,NA,NA,NA,NA,NA,NA,NA
Distribution and Electronic Commerce,"Wholesale of Books, Periodicals, and Newspapers",NA,NA,NA,NA,NA,NA,NA,NA
Distribution and Electronic Commerce,Wholesale of Chemical and Allied Products,NA,NA,NA,NA,NA,NA,NA,NA
Distribution and Electronic Commerce,Wholesale of Construction and Mining Machinery and Equipment,NA,NA,NA,NA,NA,NA,NA,NA
Distribution and Electronic Commerce,Wholesale of Drugs and Druggists' Sundries,NA,NA,NA,NA,NA,NA,NA,NA
Distribution and Electronic Commerce,Wholesale of Electrical and Electronic Goods,NA,NA,NA,NA,NA,NA,NA,NA
Distribution and Electronic Commerce,Wholesale of Farm and Garden Machinery and Equipment,NA,NA,NA,NA,NA,NA,NA,NA
Distribution and Electronic Commerce,Wholesale of Farm Products and Supplies,NA,NA,NA,NA,NA,NA,NA,NA
Distribution and Electronic Commerce,Wholesale of Food Products,NA,NA,NA,NA,NA,NA,NA,NA
Distribution and Electronic Commerce,Wholesale of Furniture and Home Furnishing,NA,NA,NA,NA,NA,NA,NA,NA
Distribution and Electronic Commerce,"Wholesale of Industrial Machinery, Equipment, and Supplies",NA,NA,NA,NA,NA,NA,NA,NA
Distribution and Electronic Commerce,"Wholesale of Jewelry, Watches, Precious Stones, and Precious Metals",NA,NA,NA,NA,NA,NA,NA,NA
Distribution and Electronic Commerce,Wholesale of Metals and Minerals (except Petroleum),NA,NA,NA,NA,NA,NA,NA,NA
Distribution and Electronic Commerce,Wholesale of Other Merchandise,NA,NA,NA,NA,NA,NA,NA,NA
Distribution and Electronic Commerce,Wholesale of Paper and Paper Products,NA,NA,NA,NA,NA,NA,NA,NA
Distribution and Electronic Commerce,Wholesale of Petroleum and Petroleum Products,NA,NA,NA,NA,NA,NA,NA,NA
Distribution and Electronic Commerce,Wholesale of Professional and Commercial Equipment and Supplies,NA,NA,NA,NA,NA,NA,NA,NA
Distribution and Electronic Commerce,"Wholesale of Service Establishment Equipment, and Supplies",NA,NA,NA,NA,NA,NA,NA,NA
Distribution and Electronic Commerce,Wholesale of Sporting and Recreational Goods and Supplies,NA,NA,NA,NA,NA,NA,NA,NA
Distribution and Electronic Commerce,Wholesale of Toy and Hobby Goods and Supplies,NA,NA,NA,NA,NA,NA,NA,NA
Distribution and Electronic Commerce,Wholesale of Transportation Equipment and Supplies (except Motor Vehicles),NA,NA,NA,NA,NA,NA,NA,NA
Distribution and Electronic Commerce,Wholesale Trade Agents and Brokers,NA,NA,NA,NA,NA,NA,NA,NA
Downstream Chemical Products,"Dyes, Pigments and Coating",NA,NA,NA,NA,NA,NA,NA,NA
Downstream Chemical Products,Explosives,NA,NA,NA,NA,NA,NA,NA,NA
Downstream Chemical Products,Lubricating Oils and Greases,NA,NA,NA,NA,NA,NA,NA,NA
Downstream Chemical Products,Personal Care and Cleaning Products,NA,NA,NA,NA,NA,NA,NA,NA
Downstream Chemical Products,Processed Chemical Products,NA,NA,NA,NA,NA,NA,NA,NA
Downstream Metal Products,Ammunition,NA,NA,NA,NA,NA,NA,NA,NA
Downstream Metal Products,Fabricated Metal Structures,NA,NA,NA,NA,NA,NA,NA,NA
Downstream Metal Products,Metal Containers,NA,NA,NA,NA,NA,NA,NA,NA
Downstream Metal Products,Metal Products (DMP),NA,NA,NA,NA,NA,NA,NA,NA
Education and Knowledge Creation,"Colleges, Universities, and Professional Schools",NA,NA,NA,NA,NA,NA,NA,NA
Education and Knowledge Creation,Educational Support Services,NA,NA,NA,NA,NA,NA,NA,NA
Education and Knowledge Creation,Professional Organizations,NA,NA,NA,NA,NA,NA,NA,NA
Education and Knowledge Creation,Research and Development in Biotechnology (except Nanobiotechnology),NA,NA,NA,NA,NA,NA,NA,NA
Education and Knowledge Creation,Research and Development in Nanotechnology,NA,NA,NA,NA,NA,NA,NA,NA
Education and Knowledge Creation,"Research and Development in the Physical, Engineering, and Life Sciences (except Nanotechnology and Biotechnology)",NA,NA,NA,NA,NA,NA,NA,NA
Education and Knowledge Creation,Research Organizations,NA,NA,NA,NA,NA,NA,NA,NA
Education and Knowledge Creation,Training Programs,NA,NA,NA,NA,NA,NA,NA,NA
Electric Power Generation and Transmission,Alternative Electric Power,NA,NA,NA,NA,NA,NA,NA,NA
Electric Power Generation and Transmission,Electric Power Transmission,NA,NA,NA,NA,NA,NA,NA,NA
Electric Power Generation and Transmission,Fossil Fuel Electric Power,NA,NA,NA,NA,NA,NA,NA,NA
Environmental Services,Other Waste Management Services,NA,NA,NA,NA,NA,NA,NA,NA
Environmental Services,Waste Collection,NA,NA,NA,NA,NA,NA,NA,NA
Environmental Services,Waste Processing,NA,NA,NA,NA,NA,NA,NA,NA
Federal Government Services,NA,NA,NA,NA,NA,NA,NA,NA,NA
Financial Services,Credit Bureaus,NA,NA,NA,NA,NA,NA,NA,NA
Financial Services,Credit Intermediation,NA,NA,NA,NA,NA,NA,NA,NA
Financial Services,Financial Investment Activities,NA,NA,NA,NA,NA,NA,NA,NA
Financial Services,Monetary Authorities - Central Bank,NA,NA,NA,NA,NA,NA,NA,NA
Financial Services,"Securities Brokers, Dealers, and Exchanges",NA,NA,NA,NA,NA,NA,NA,NA
Fishing and Fishing Products,Fishing and Fishing Products,NA,NA,NA,NA,NA,NA,NA,NA
Food Processing and Manufacturing,Animal Foods,NA,NA,NA,NA,NA,NA,NA,NA
Food Processing and Manufacturing,Baked Goods,NA,NA,NA,NA,NA,NA,NA,NA
Food Processing and Manufacturing,Candy and Chocolate,NA,NA,NA,NA,NA,NA,NA,NA
Food Processing and Manufacturing,Coffee and Tea,NA,NA,NA,NA,NA,NA,NA,NA
Food Processing and Manufacturing,Dairy Products,NA,NA,NA,NA,NA,NA,NA,NA
Food Processing and Manufacturing,Distilleries,NA,NA,NA,NA,NA,NA,NA,NA
Food Processing and Manufacturing,Farm Wholesalers,NA,NA,NA,NA,NA,NA,NA,NA
Food Processing and Manufacturing,Glass Containers,NA,NA,NA,NA,NA,NA,NA,NA
Food Processing and Manufacturing,Malt Beverages,NA,NA,NA,NA,NA,NA,NA,NA
Food Processing and Manufacturing,Milling and Refining of Cereals and Oilseeds,NA,NA,NA,NA,NA,NA,NA,NA
Food Processing and Manufacturing,Milling and Refining of Sugar,NA,NA,NA,NA,NA,NA,NA,NA
Food Processing and Manufacturing,Packaged Fruit and Vegetables,NA,NA,NA,NA,NA,NA,NA,NA
Food Processing and Manufacturing,Soft Drinks and Ice,NA,NA,NA,NA,NA,NA,NA,NA
Food Processing and Manufacturing,Specialty Foods and Ingredients,NA,NA,NA,NA,NA,NA,NA,NA
Food Processing and Manufacturing,Wineries,NA,NA,NA,NA,NA,NA,NA,NA
Footwear,Footwear,NA,NA,NA,NA,NA,NA,NA,NA
Footwear,Footwear Components,NA,NA,NA,NA,NA,NA,NA,NA
Forestry,Forestry,NA,NA,NA,NA,NA,NA,NA,NA
Furniture,Household Furniture,NA,NA,NA,NA,NA,NA,NA,NA
Furniture,Institutional Furniture,NA,NA,NA,NA,NA,NA,NA,NA
Furniture,Mobile Homes,NA,NA,NA,NA,NA,NA,NA,NA
Furniture,Office Furniture,NA,NA,NA,NA,NA,NA,NA,NA
Furniture,Wood Cabinets and Woodwork,NA,NA,NA,NA,NA,NA,NA,NA
Hospitality and Tourism,Accommodations and Related Services,NA,NA,NA,NA,NA,NA,NA,NA
Hospitality and Tourism,Amusement Parks and Arcades,NA,NA,NA,NA,NA,NA,NA,NA
Hospitality and Tourism,Cultural and Educational Entertainment,NA,NA,NA,NA,NA,NA,NA,NA
Hospitality and Tourism,Gambling Facilities,NA,NA,NA,NA,NA,NA,NA,NA
Hospitality and Tourism,Other Tourism Attractions,NA,NA,NA,NA,NA,NA,NA,NA
Hospitality and Tourism,Recreational Goods Rental,NA,NA,NA,NA,NA,NA,NA,NA
Hospitality and Tourism,Spectator Sports,NA,NA,NA,NA,NA,NA,NA,NA
Hospitality and Tourism,Tourism Related Services,NA,NA,NA,NA,NA,NA,NA,NA
Information Technology and Analytical Instruments,Audio and Video Equipment,NA,NA,NA,NA,NA,NA,NA,NA
Information Technology and Analytical Instruments,Computers and Peripherals,NA,NA,NA,NA,NA,NA,NA,NA
Information Technology and Analytical Instruments,Electronic Components,NA,NA,NA,NA,NA,NA,NA,NA
Information Technology and Analytical Instruments,Medical Apparatus,NA,NA,NA,NA,NA,NA,NA,NA
Information Technology and Analytical Instruments,Process and Laboratory Instruments,NA,NA,NA,NA,NA,NA,NA,NA
Information Technology and Analytical Instruments,Semiconductors,NA,NA,NA,NA,NA,NA,NA,NA
Information Technology and Analytical Instruments,Software Publishers,NA,NA,NA,NA,NA,NA,NA,NA
Information Technology and Analytical Instruments,Software Reproducing,NA,NA,NA,NA,NA,NA,NA,NA
Insurance Services,Insurance Carriers,NA,NA,NA,NA,NA,NA,NA,NA
Insurance Services,Insurance Related Services,NA,NA,NA,NA,NA,NA,NA,NA
Insurance Services,Reinsurance Carriers,NA,NA,NA,NA,NA,NA,NA,NA
Jewelry and Precious Metals,Jewelry and Precious Metals Products,NA,NA,NA,NA,NA,NA,NA,NA
Leather and Related Products,Personal Leather Goods and Luggage,NA,NA,NA,NA,NA,NA,NA,NA
Leather and Related Products,Textile Bags and Canvas Products,NA,NA,NA,NA,NA,NA,NA,NA
Leather and Related Products,Women's Handbags and Purses,NA,NA,NA,NA,NA,NA,NA,NA
Lighting and Electrical Equipment,Electrical Components,NA,NA,NA,NA,NA,NA,NA,NA
Lighting and Electrical Equipment,Electrical Equipment,NA,NA,NA,NA,NA,NA,NA,NA
Lighting and Electrical Equipment,Lighting Fixtures and Parts,NA,NA,NA,NA,NA,NA,NA,NA
Lighting and Electrical Equipment,Storage Batteries,NA,NA,NA,NA,NA,NA,NA,NA
Livestock Processing,Livestock Merchant Wholesalers,NA,NA,NA,NA,NA,NA,NA,NA
Livestock Processing,Meat Processing,NA,NA,NA,NA,NA,NA,NA,NA
Local Commercial Services,Building Support Services,NA,NA,NA,NA,NA,NA,NA,NA
Local Commercial Services,"Commercial Photography, Printing and Signmaking",NA,NA,NA,NA,NA,NA,NA,NA
Local Commercial Services,Laundry and Linen Services,NA,NA,NA,NA,NA,NA,NA,NA
Local Commercial Services,Local Professional Services,NA,NA,NA,NA,NA,NA,NA,NA
Local Commercial Services,Miscellaneous Repair Services,NA,NA,NA,NA,NA,NA,NA,NA
Local Commercial Services,Security Services,NA,NA,NA,NA,NA,NA,NA,NA
Local Commercial Services,Stationery and Office Supply Retailing,NA,NA,NA,NA,NA,NA,NA,NA
Local Commercial Services,Testing Laboratories,NA,NA,NA,NA,NA,NA,NA,NA
Local Community and Civic Organizations,Business Associations,NA,NA,NA,NA,NA,NA,NA,NA
Local Community and Civic Organizations,Labor Organizations,NA,NA,NA,NA,NA,NA,NA,NA
Local Community and Civic Organizations,Political Organizations,NA,NA,NA,NA,NA,NA,NA,NA
Local Community and Civic Organizations,Religious Organizations,NA,NA,NA,NA,NA,NA,NA,NA
Local Community and Civic Organizations,Social Service Organizations,NA,NA,NA,NA,NA,NA,NA,NA
Local Community and Civic Organizations,Trusts,NA,NA,NA,NA,NA,NA,NA,NA
Local Education and Training,Elementary and Secondary Schools,NA,NA,NA,NA,NA,NA,NA,NA
Local Education and Training,Job Training Services,NA,NA,NA,NA,NA,NA,NA,NA
Local Education and Training,Recreational and Other Services,NA,NA,NA,NA,NA,NA,NA,NA
Local Entertainment and Media,Book and Periodical Retailing,NA,NA,NA,NA,NA,NA,NA,NA
Local Entertainment and Media,Electronic and Photographic Retailing,NA,NA,NA,NA,NA,NA,NA,NA
Local Entertainment and Media,Electronic Media,NA,NA,NA,NA,NA,NA,NA,NA
Local Entertainment and Media,Movie Theatres,NA,NA,NA,NA,NA,NA,NA,NA
Local Entertainment and Media,Musical Instruments Retailing,NA,NA,NA,NA,NA,NA,NA,NA
Local Entertainment and Media,Newspapers,NA,NA,NA,NA,NA,NA,NA,NA
Local Entertainment and Media,Sporting and Hobby Retailing,NA,NA,NA,NA,NA,NA,NA,NA
Local Entertainment and Media,Video Tape and Disc Rental,NA,NA,NA,NA,NA,NA,NA,NA
Local Financial Services,Collection Agencies,NA,NA,NA,NA,NA,NA,NA,NA
Local Financial Services,Deposit-taking Institutions,NA,NA,NA,NA,NA,NA,NA,NA
Local Financial Services,Insurance Agents and Brokers,NA,NA,NA,NA,NA,NA,NA,NA
Local Financial Services,"Pension, Health, and Welfare Funds",NA,NA,NA,NA,NA,NA,NA,NA
Local Financial Services,Tax Return Preparation Services,NA,NA,NA,NA,NA,NA,NA,NA
Local Food and Beverage Processing and Distribution,Beer and Liquor Wholesaling,NA,NA,NA,NA,NA,NA,NA,NA
Local Food and Beverage Processing and Distribution,"Beer, Wine, and Liquor Retailing",NA,NA,NA,NA,NA,NA,NA,NA
Local Food and Beverage Processing and Distribution,Commerical and Retail Bakeries,NA,NA,NA,NA,NA,NA,NA,NA
Local Food and Beverage Processing and Distribution,Food Wholesaling,NA,NA,NA,NA,NA,NA,NA,NA
Local Food and Beverage Processing and Distribution,Retail Food Stores,NA,NA,NA,NA,NA,NA,NA,NA
Local Food and Beverage Processing and Distribution,Tobacco Retailing,NA,NA,NA,NA,NA,NA,NA,NA
Local Food and Beverage Processing and Distribution,Vending and Direct Selling,NA,NA,NA,NA,NA,NA,NA,NA
Local Government Services,NA,NA,NA,NA,NA,NA,NA,NA,NA
Local Health Services,Drug Stores,NA,NA,NA,NA,NA,NA,NA,NA
Local Health Services,Funeral Service and Crematories,NA,NA,NA,NA,NA,NA,NA,NA
Local Health Services,Healthcare Provider Offices,NA,NA,NA,NA,NA,NA,NA,NA
Local Health Services,Home and Residential Care,NA,NA,NA,NA,NA,NA,NA,NA
Local Health Services,Home Health Equipment Rental,NA,NA,NA,NA,NA,NA,NA,NA
Local Health Services,Hospitals,NA,NA,NA,NA,NA,NA,NA,NA
Local Health Services,Medical Laboratories,NA,NA,NA,NA,NA,NA,NA,NA
Local Health Services,Optical Goods Retailing,NA,NA,NA,NA,NA,NA,NA,NA
Local Hospitality Establishments,Gifts and Souvenirs Retailing,NA,NA,NA,NA,NA,NA,NA,NA
Local Hospitality Establishments,Hospitality Establishments,NA,NA,NA,NA,NA,NA,NA,NA
Local Hospitality Establishments,Recreational Facilities and Instruction,NA,NA,NA,NA,NA,NA,NA,NA
Local Household Goods and Services,Appliance Retailing,NA,NA,NA,NA,NA,NA,NA,NA
Local Household Goods and Services,Electronics Repair,NA,NA,NA,NA,NA,NA,NA,NA
Local Household Goods and Services,Furniture and Homefurnishings Retailing,NA,NA,NA,NA,NA,NA,NA,NA
Local Household Goods and Services,Gardening Products and Supplies Retailing,NA,NA,NA,NA,NA,NA,NA,NA
Local Household Goods and Services,Hardware Retailing,NA,NA,NA,NA,NA,NA,NA,NA
Local Household Goods and Services,Hardware Wholesaling,NA,NA,NA,NA,NA,NA,NA,NA
Local Household Goods and Services,Landscape and Horticultural Services,NA,NA,NA,NA,NA,NA,NA,NA
Local Industrial Products and Services,Industrial Machinery and Distribution,NA,NA,NA,NA,NA,NA,NA,NA
Local Industrial Products and Services,Industrial Products and Services Wholesaling,NA,NA,NA,NA,NA,NA,NA,NA
Local Industrial Products and Services,Industrial Repair Services,NA,NA,NA,NA,NA,NA,NA,NA
Local Industrial Products and Services,Miscellaneous Equipment Rental and Leasing,NA,NA,NA,NA,NA,NA,NA,NA
Local Logistical Services,Local Passenger Transportation,NA,NA,NA,NA,NA,NA,NA,NA
Local Logistical Services,Local Transportation Services,NA,NA,NA,NA,NA,NA,NA,NA
Local Logistical Services,Passenger Car Rental,NA,NA,NA,NA,NA,NA,NA,NA
Local Logistical Services,Truck Leasing,NA,NA,NA,NA,NA,NA,NA,NA
Local Logistical Services,Warehousing Services,NA,NA,NA,NA,NA,NA,NA,NA
Local Motor Vehicle Products and Services,Automobile Dealers,NA,NA,NA,NA,NA,NA,NA,NA
Local Motor Vehicle Products and Services,Automotive Parts Retailing,NA,NA,NA,NA,NA,NA,NA,NA
Local Motor Vehicle Products and Services,Automotive Parts Wholesaling,NA,NA,NA,NA,NA,NA,NA,NA
Local Motor Vehicle Products and Services,Automotive Repair Shops,NA,NA,NA,NA,NA,NA,NA,NA
Local Motor Vehicle Products and Services,Automotive Wholesaling,NA,NA,NA,NA,NA,NA,NA,NA
Local Motor Vehicle Products and Services,Gasoline Stations,NA,NA,NA,NA,NA,NA,NA,NA
Local Motor Vehicle Products and Services,Other Automotive Services,NA,NA,NA,NA,NA,NA,NA,NA
Local Motor Vehicle Products and Services,Other Motor Vehicles Distribution,NA,NA,NA,NA,NA,NA,NA,NA
Local Motor Vehicle Products and Services,Parking Services,NA,NA,NA,NA,NA,NA,NA,NA
Local Personal Services (Non-Medical),All Other Consumer Goods Rental,NA,NA,NA,NA,NA,NA,NA,NA
Local Personal Services (Non-Medical),Child Care Services,NA,NA,NA,NA,NA,NA,NA,NA
Local Personal Services (Non-Medical),Cleaning Services,NA,NA,NA,NA,NA,NA,NA,NA
Local Personal Services (Non-Medical),Formal Wear and Costume Rental,NA,NA,NA,NA,NA,NA,NA,NA
Local Personal Services (Non-Medical),Hair Care Services,NA,NA,NA,NA,NA,NA,NA,NA
Local Personal Services (Non-Medical),Other Personal Services,NA,NA,NA,NA,NA,NA,NA,NA
Local Personal Services (Non-Medical),Personal Products Retailing,NA,NA,NA,NA,NA,NA,NA,NA
Local Personal Services (Non-Medical),Photographic and Photofinishing Services,NA,NA,NA,NA,NA,NA,NA,NA
Local Personal Services (Non-Medical),Repair Services,NA,NA,NA,NA,NA,NA,NA,NA
"Local Real Estate, Construction, and Development",Building Equipment Distribution,NA,NA,NA,NA,NA,NA,NA,NA
"Local Real Estate, Construction, and Development",Concrete Products,NA,NA,NA,NA,NA,NA,NA,NA
"Local Real Estate, Construction, and Development",Construction Materials Retailing,NA,NA,NA,NA,NA,NA,NA,NA
"Local Real Estate, Construction, and Development",Construction Materials Wholesaling,NA,NA,NA,NA,NA,NA,NA,NA
"Local Real Estate, Construction, and Development",Developers,NA,NA,NA,NA,NA,NA,NA,NA
"Local Real Estate, Construction, and Development",General Contractors,NA,NA,NA,NA,NA,NA,NA,NA
"Local Real Estate, Construction, and Development",Highway and Street Construction,NA,NA,NA,NA,NA,NA,NA,NA
"Local Real Estate, Construction, and Development",Real Estate Services,NA,NA,NA,NA,NA,NA,NA,NA
"Local Real Estate, Construction, and Development",Specialty Contractors,NA,NA,NA,NA,NA,NA,NA,NA
"Local Real Estate, Construction, and Development",Water and Sewer Line Construction,NA,NA,NA,NA,NA,NA,NA,NA
Local Retailing of Clothing and General Merchandise,All Other General Merchandise Stores,NA,NA,NA,NA,NA,NA,NA,NA
Local Retailing of Clothing and General Merchandise,Apparel Retailing,NA,NA,NA,NA,NA,NA,NA,NA
Local Retailing of Clothing and General Merchandise,Department Stores,NA,NA,NA,NA,NA,NA,NA,NA
Local Retailing of Clothing and General Merchandise,General Merchandise Retailing,NA,NA,NA,NA,NA,NA,NA,NA
Local Retailing of Clothing and General Merchandise,Jewelry Retailing,NA,NA,NA,NA,NA,NA,NA,NA
Local Retailing of Clothing and General Merchandise,Luggage Retailing,NA,NA,NA,NA,NA,NA,NA,NA
Local Retailing of Clothing and General Merchandise,"Sewing, Needlework, and Piece Goods Retailing",NA,NA,NA,NA,NA,NA,NA,NA
Local Retailing of Clothing and General Merchandise,Warehouse Clubs and Supercenters,NA,NA,NA,NA,NA,NA,NA,NA
Local Retailing of Clothing and General Merchandise,NA,NA,NA,NA,NA,NA,NA,NA,NA
Local Utilities,Communications Services,NA,NA,NA,NA,NA,NA,NA,NA
Local Utilities,Electric Power Distribition,NA,NA,NA,NA,NA,NA,NA,NA
Local Utilities,Heating Oil and Other Fuel Dealers,NA,NA,NA,NA,NA,NA,NA,NA
Local Utilities,Natural Gas Distribution,NA,NA,NA,NA,NA,NA,NA,NA
Local Utilities,Sanitary Services,NA,NA,NA,NA,NA,NA,NA,NA
Local Utilities,Wired Telecommunications Carriers,NA,NA,NA,NA,NA,NA,NA,NA
"Marketing, Design, and Publishing",Advertising Related Services,NA,NA,NA,NA,NA,NA,NA,NA
"Marketing, Design, and Publishing",Design Services,NA,NA,NA,NA,NA,NA,NA,NA
"Marketing, Design, and Publishing",Other Marketing Related Services,NA,NA,NA,NA,NA,NA,NA,NA
"Marketing, Design, and Publishing",Publishing,NA,NA,NA,NA,NA,NA,NA,NA
Medical Devices,Optical Instruments and Ophthalmic Goods,NA,NA,NA,NA,NA,NA,NA,NA
Medical Devices,Surgical and Dental Instruments and Supplies,NA,NA,NA,NA,NA,NA,NA,NA
Metal Mining,Metal Mining,NA,NA,NA,NA,NA,NA,NA,NA
Metalworking Technology,Fasteners,NA,NA,NA,NA,NA,NA,NA,NA
Metalworking Technology,Hand Tools,NA,NA,NA,NA,NA,NA,NA,NA
Metalworking Technology,Machine Tools and Accessories,NA,NA,NA,NA,NA,NA,NA,NA
Metalworking Technology,Metal Processing (MT),NA,NA,NA,NA,NA,NA,NA,NA
Metalworking Technology,Metalworking Machinery,NA,NA,NA,NA,NA,NA,NA,NA
Music and Sound Recording,Music and Sound Recording,NA,NA,NA,NA,NA,NA,NA,NA
NA,NA,NA,NA,NA,NA,NA,NA,NA,NA
Nonmetal Mining,Nonmetal Mining,NA,NA,NA,NA,NA,NA,NA,NA
Oil and Gas Production and Transportation,Drilling Wells,NA,NA,NA,NA,NA,NA,NA,NA
Oil and Gas Production and Transportation,Oil and Gas Extraction,NA,NA,NA,NA,NA,NA,NA,NA
Oil and Gas Production and Transportation,Oil and Gas Machinery,NA,NA,NA,NA,NA,NA,NA,NA
Oil and Gas Production and Transportation,Petroleum Processing,NA,NA,NA,NA,NA,NA,NA,NA
Oil and Gas Production and Transportation,Pipeline Transportation,NA,NA,NA,NA,NA,NA,NA,NA
Oil and Gas Production and Transportation,Support Activities for Oil and Gas Operations,NA,NA,NA,NA,NA,NA,NA,NA
Paper and Packaging,Packaging,NA,NA,NA,NA,NA,NA,NA,NA
Paper and Packaging,Paper Mills,NA,NA,NA,NA,NA,NA,NA,NA
Paper and Packaging,Paper Products,NA,NA,NA,NA,NA,NA,NA,NA
Performing Arts,Performing Artists,NA,NA,NA,NA,NA,NA,NA,NA
Performing Arts,Promoters and Managers,NA,NA,NA,NA,NA,NA,NA,NA
Plastics,Plastic Materials and Resins,NA,NA,NA,NA,NA,NA,NA,NA
Plastics,Plastic Products,NA,NA,NA,NA,NA,NA,NA,NA
Printing Services,Greeting Card Printing and Publishing,NA,NA,NA,NA,NA,NA,NA,NA
Printing Services,Printing Inputs,NA,NA,NA,NA,NA,NA,NA,NA
Printing Services,Printing Services,NA,NA,NA,NA,NA,NA,NA,NA
Printing Services,Support Activities for Printing,NA,NA,NA,NA,NA,NA,NA,NA
Production Technology and Heavy Machinery,Agricultural and Construction Machinery and Components,NA,NA,NA,NA,NA,NA,NA,NA
Production Technology and Heavy Machinery,Air Handling Equipment,NA,NA,NA,NA,NA,NA,NA,NA
Production Technology and Heavy Machinery,Commercial and Service Industry Machinery,NA,NA,NA,NA,NA,NA,NA,NA
Production Technology and Heavy Machinery,Industrial Machinery,NA,NA,NA,NA,NA,NA,NA,NA
Production Technology and Heavy Machinery,"Measuring, Dispensing, and Other Pumping Equipment Manufacturing",NA,NA,NA,NA,NA,NA,NA,NA
Production Technology and Heavy Machinery,Moving and Material Handling Equipment,NA,NA,NA,NA,NA,NA,NA,NA
Production Technology and Heavy Machinery,Process Equipment and Components,NA,NA,NA,NA,NA,NA,NA,NA
Recreational and Small Electric Goods,Electric Housewares,NA,NA,NA,NA,NA,NA,NA,NA
Recreational and Small Electric Goods,"Games, Toys, and Children's Vehicles",NA,NA,NA,NA,NA,NA,NA,NA
Recreational and Small Electric Goods,Motorcycles and Bicycles,NA,NA,NA,NA,NA,NA,NA,NA
Recreational and Small Electric Goods,Office Supplies,NA,NA,NA,NA,NA,NA,NA,NA
Recreational and Small Electric Goods,Recreational and Decorative Goods,NA,NA,NA,NA,NA,NA,NA,NA
Recreational and Small Electric Goods,Sporting and Athletic Goods,NA,NA,NA,NA,NA,NA,NA,NA
State Government Services,NA,NA,NA,NA,NA,NA,NA,NA,NA
Textile Manufacturing,Fabric Mills,NA,NA,NA,NA,NA,NA,NA,NA
Textile Manufacturing,Fibers,NA,NA,NA,NA,NA,NA,NA,NA
Textile Manufacturing,Household Textile Products,NA,NA,NA,NA,NA,NA,NA,NA
Textile Manufacturing,Knitting Mills,NA,NA,NA,NA,NA,NA,NA,NA
Textile Manufacturing,Other Textile Products,NA,NA,NA,NA,NA,NA,NA,NA
Textile Manufacturing,Textile and Fabric Finishing,NA,NA,NA,NA,NA,NA,NA,NA
Textile Manufacturing,Yarn and Thread Mills,NA,NA,NA,NA,NA,NA,NA,NA
Tobacco,Tobacco,NA,NA,NA,NA,NA,NA,NA,NA
"Trailers, Motor Homes, and Appliances",Burial Caskets,NA,NA,NA,NA,NA,NA,NA,NA
"Trailers, Motor Homes, and Appliances",Household Appliances,NA,NA,NA,NA,NA,NA,NA,NA
"Trailers, Motor Homes, and Appliances",Trailers and Motor Homes,NA,NA,NA,NA,NA,NA,NA,NA
Transportation and Logistics,Air Transportation,NA,NA,NA,NA,NA,NA,NA,NA
Transportation and Logistics,Bus Transportation,NA,NA,NA,NA,NA,NA,NA,NA
Transportation and Logistics,Ground Transportation Support Activities,NA,NA,NA,NA,NA,NA,NA,NA
Transportation and Logistics,Rail Transportation,NA,NA,NA,NA,NA,NA,NA,NA
Transportation and Logistics,Specialty Air Transportation,NA,NA,NA,NA,NA,NA,NA,NA
Transportation and Logistics,Trucking,NA,NA,NA,NA,NA,NA,NA,NA
Upstream Chemical Products,Agricultural Chemicals,NA,NA,NA,NA,NA,NA,NA,NA
Upstream Chemical Products,Industrial Gas,NA,NA,NA,NA,NA,NA,NA,NA
Upstream Chemical Products,Inorganic Chemicals,NA,NA,NA,NA,NA,NA,NA,NA
Upstream Chemical Products,Organic Chemicals,NA,NA,NA,NA,NA,NA,NA,NA
Upstream Metal Manufacturing,Iron and Steel Mills and Forging,NA,NA,NA,NA,NA,NA,NA,NA
Upstream Metal Manufacturing,Metal Processing (UMM),NA,NA,NA,NA,NA,NA,NA,NA
Upstream Metal Manufacturing,Metal Products (UMM),NA,NA,NA,NA,NA,NA,NA,NA
Upstream Metal Manufacturing,Wires and Springs,NA,NA,NA,NA,NA,NA,NA,NA
Video Production and Distribution,Video Production and Distribution,NA,NA,NA,NA,NA,NA,NA,NA
Vulcanized and Fired Materials,Clay Products and Refractories,NA,NA,NA,NA,NA,NA,NA,NA
Vulcanized and Fired Materials,Glass Products,NA,NA,NA,NA,NA,NA,NA,NA
Vulcanized and Fired Materials,Rubber Products,NA,NA,NA,NA,NA,NA,NA,NA
Water Transportation,Boat Building and Repairing,NA,NA,NA,NA,NA,NA,NA,NA
Water Transportation,Marine Transportation Services,NA,NA,NA,NA,NA,NA,NA,NA
Water Transportation,Water Passenger Transportation,NA,NA,NA,NA,NA,NA,NA,NA
Wood Products,Prefabricated Wood Building,NA,NA,NA,NA,NA,NA,NA,NA
Wood Products,Wood Components and Products,NA,NA,NA,NA,NA,NA,NA,NA
Wood Products,Wood Processing,NA,NA,NA,NA,NA,NA,NA,NA
