Cluster,Subcluster
Aerospace Vehicles and Defense,Aircraft
Aerospace Vehicles and Defense,Search and Navigation Equipment
Agricultural Inputs and Services,Agricultural Production
Agricultural Inputs and Services,Agricultural Services
Agricultural Inputs and Services,Farm Management and Labor Services
Agricultural Inputs and Services,Fertilizers
Biopharmaceuticals,Biological Products
Biopharmaceuticals,Biopharmaceutical Products
Biopharmaceuticals,Diagnostic Substances
Business Services,Architectural and Drafting Services
Business Services,Business Support Services
Business Services,Computer Services
Business Services,Consulting Services
Business Services,Corporate Headquarters
Business Services,Employment Placement Services
Business Services,Engineering Services
Business Services,Ground Passenger Transportation
Communications Equipment and Services,Communications Equipment
Communications Equipment and Services,Communications Services
Communications Equipment and Services,Wireless Telecommunications Carriers (except Satellite)
Construction Products and Services,Construction
Construction Products and Services,Construction Components
Construction Products and Services,Construction Materials
Construction Products and Services,Construction Products
Construction Products and Services,"Water, Sewage, and Other Systems"
Distribution and Electronic Commerce,Electronic and Catalog Shopping
Distribution and Electronic Commerce,Rental and Leasing
Distribution and Electronic Commerce,Support Services
Distribution and Electronic Commerce,Warehousing and Storage
Distribution and Electronic Commerce,Wholesale of Apparel and Accessories
Distribution and Electronic Commerce,"Wholesale of Books, Periodicals, and Newspapers"
Distribution and Electronic Commerce,Wholesale of Chemical and Allied Products
Distribution and Electronic Commerce,Wholesale of Construction and Mining Machinery and Equipment
Distribution and Electronic Commerce,Wholesale of Drugs and Druggists' Sundries
Distribution and Electronic Commerce,Wholesale of Electrical and Electronic Goods
Distribution and Electronic Commerce,Wholesale of Farm and Garden Machinery and Equipment
Distribution and Electronic Commerce,Wholesale of Farm Products and Supplies
Distribution and Electronic Commerce,Wholesale of Food Products
Distribution and Electronic Commerce,Wholesale of Furniture and Home Furnishing
Distribution and Electronic Commerce,"Wholesale of Industrial Machinery, Equipment, and Supplies"
Distribution and Electronic Commerce,"Wholesale of Jewelry, Watches, Precious Stones, and Precious Metals"
Distribution and Electronic Commerce,Wholesale of Metals and Minerals (except Petroleum)
Distribution and Electronic Commerce,Wholesale of Other Merchandise
Distribution and Electronic Commerce,Wholesale of Paper and Paper Products
Distribution and Electronic Commerce,Wholesale of Petroleum and Petroleum Products
Distribution and Electronic Commerce,Wholesale of Professional and Commercial Equipment and Supplies
Distribution and Electronic Commerce,"Wholesale of Service Establishment Equipment, and Supplies"
Distribution and Electronic Commerce,Wholesale of Sporting and Recreational Goods and Supplies
Distribution and Electronic Commerce,Wholesale of Toy and Hobby Goods and Supplies
Distribution and Electronic Commerce,Wholesale of Transportation Equipment and Supplies (except Motor Vehicles)
Distribution and Electronic Commerce,Wholesale Trade Agents and Brokers
Downstream Chemical Products,"Dyes, Pigments and Coating"
Downstream Chemical Products,Lubricating Oils and Greases
Downstream Chemical Products,Personal Care and Cleaning Products
Downstream Chemical Products,Processed Chemical Products
Education and Knowledge Creation,"Colleges, Universities, and Professional Schools"
Education and Knowledge Creation,Educational Support Services
Education and Knowledge Creation,Professional Organizations
Education and Knowledge Creation,Research and Development in Biotechnology (except Nanobiotechnology)
Education and Knowledge Creation,Research and Development in Nanotechnology
Education and Knowledge Creation,"Research and Development in the Physical, Engineering, and Life Sciences (except Nanotechnology and Biotechnology)"
Education and Knowledge Creation,Research Organizations
Education and Knowledge Creation,Training Programs
Electric Power Generation and Transmission,Alternative Electric Power
Electric Power Generation and Transmission,Fossil Fuel Electric Power
Financial Services,Credit Bureaus
Financial Services,Credit Intermediation
Financial Services,Financial Investment Activities
Financial Services,"Securities Brokers, Dealers, and Exchanges"
Food Processing and Manufacturing,Animal Foods
Food Processing and Manufacturing,Baked Goods
Food Processing and Manufacturing,Candy and Chocolate
Food Processing and Manufacturing,Coffee and Tea
Food Processing and Manufacturing,Dairy Products
Food Processing and Manufacturing,Distilleries
Food Processing and Manufacturing,Farm Wholesalers
Food Processing and Manufacturing,Glass Containers
Food Processing and Manufacturing,Malt Beverages
Food Processing and Manufacturing,Milling and Refining of Cereals and Oilseeds
Food Processing and Manufacturing,Milling and Refining of Sugar
Food Processing and Manufacturing,Packaged Fruit and Vegetables
Food Processing and Manufacturing,Soft Drinks and Ice
Food Processing and Manufacturing,Specialty Foods and Ingredients
Food Processing and Manufacturing,Wineries
Hospitality and Tourism,Accommodations and Related Services
Hospitality and Tourism,Amusement Parks and Arcades
Hospitality and Tourism,Cultural and Educational Entertainment
Hospitality and Tourism,Gambling Facilities
Hospitality and Tourism,Other Tourism Attractions
Hospitality and Tourism,Recreational Goods Rental
Hospitality and Tourism,Spectator Sports
Hospitality and Tourism,Tourism Related Services
Information Technology and Analytical Instruments,Audio and Video Equipment
Information Technology and Analytical Instruments,Computers and Peripherals
Information Technology and Analytical Instruments,Electronic Components
Information Technology and Analytical Instruments,Medical Apparatus
Information Technology and Analytical Instruments,Process and Laboratory Instruments
Information Technology and Analytical Instruments,Semiconductors
Information Technology and Analytical Instruments,Software Publishers
Information Technology and Analytical Instruments,Software Reproducing
Insurance Services,Insurance Carriers
Insurance Services,Insurance Related Services
Lighting and Electrical Equipment,Electrical Components
Lighting and Electrical Equipment,Electrical Equipment
Lighting and Electrical Equipment,Lighting Fixtures and Parts
Lighting and Electrical Equipment,Storage Batteries
Livestock Processing,Livestock Merchant Wholesalers
Livestock Processing,Meat Processing
Medical Devices,Optical Instruments and Ophthalmic Goods
Medical Devices,Surgical and Dental Instruments and Supplies
Oil and Gas Production and Transportation,Drilling Wells
Oil and Gas Production and Transportation,Oil and Gas Extraction
Oil and Gas Production and Transportation,Oil and Gas Machinery
Oil and Gas Production and Transportation,Petroleum Processing
Oil and Gas Production and Transportation,Pipeline Transportation
Oil and Gas Production and Transportation,Support Activities for Oil and Gas Operations
Plastics,Plastic Materials and Resins
Plastics,Plastic Products
Production Technology and Heavy Machinery,Agricultural and Construction Machinery and Components
Production Technology and Heavy Machinery,Air Handling Equipment
Production Technology and Heavy Machinery,Commercial and Service Industry Machinery
Production Technology and Heavy Machinery,Industrial Machinery
Production Technology and Heavy Machinery,"Measuring, Dispensing, and Other Pumping Equipment Manufacturing"
Production Technology and Heavy Machinery,Moving and Material Handling Equipment
Production Technology and Heavy Machinery,Process Equipment and Components
Transportation and Logistics,Air Transportation
Transportation and Logistics,Bus Transportation
Transportation and Logistics,Ground Transportation Support Activities
Transportation and Logistics,Rail Transportation
Transportation and Logistics,Specialty Air Transportation
Transportation and Logistics,Trucking
Upstream Chemical Products,Industrial Gas
Upstream Chemical Products,Inorganic Chemicals
Upstream Chemical Products,Organic Chemicals
